{"train_loss": [4.279554305963181, 4.036430243870721, 4.02988499073527, 4.02479425447071, 4.008864282962665, 3.967183424000764, 3.3022272577836884, 1.2467086460422632, 0.8300106979195198, 0.713194726774441, 0.6414430673098445, 0.6020636270243918, 0.5634125127414962, 0.5389581720283882, 0.5157134668461641, 0.5020601547243607, 0.4871978100819803, 0.47673560267117754, 0.4633897937572182, 0.4583762233805417, 0.4554513972159007, 0.4448061322222403, 0.44031434322721397, 0.4310312535070894, 0.4246529839820598, 0.42213501451752294, 0.41958401737800194, 0.4121942169702233, 0.4108727866006856, 0.4012971272196003, 0.40326756062968894, 0.401542776531011, 0.38903095584418906, 0.39388281694758476, 0.38493059425797294, 0.3765246430084334, 0.3801754531099569, 0.38199946898311826, 0.37570555863817734, 0.3711848806720882, 0.36562129319762465, 0.3599815402722838, 0.36142615232635383, 0.3648168847114597, 0.3585472202780259, 0.35347569763810194, 0.3486694384684515, 0.34849284574314576, 0.3424998540899262, 0.3463064451613019], "train_metric": [], "val_metric": [8.873883928571429, 8.873883928571429, 8.873883928571429, 8.873883928571429, 8.873883928571429, 8.595089285714286, 4.156696428571428, 1.9622767857142858, 1.5799107142857143, 1.4390625, 1.3294642857142858, 1.253125, 1.2638392857142857, 1.1328125, 1.1064732142857143, 1.1504464285714286, 1.0640625, 1.0486607142857143, 1.0578125, 1.042857142857143, 1.0426339285714286, 1.0136160714285714, 0.9928571428571429, 1.0308035714285715, 0.984375, 0.9910714285714286, 0.9966517857142857, 0.9638392857142857, 1.025, 0.9404017857142857, 0.9714285714285714, 1.003794642857143, 1.0066964285714286, 0.9421875, 0.9553571428571429, 0.9560267857142857, 0.9147321428571429, 0.9761160714285714, 0.9254464285714286, 0.9392857142857143, 0.9700892857142858, 0.9587053571428571, 0.9071428571428571, 1.0136160714285714, 0.9241071428571429, 0.8944196428571428, 0.9154017857142858, 0.9319196428571429, 0.8973214285714286, 0.9122767857142857]}