{"train_loss": [4.053571279324479, 4.035699855143101, 4.029074448436948, 4.026356752793394, 4.022296166300174, 4.017537542923012, 4.012938536591267, 4.010020970699176, 4.002629697622366, 3.9839866928119756, 3.9733497227855663, 3.969687917124686, 3.9527403835076185, 3.9350553116007667, 3.9202405411993437, 3.896044788049094, 2.9858722692757995, 1.6750029598049183, 1.1447291507493311, 0.9687141987247083, 0.8632610116771717, 0.8149373288729682, 0.7627591731859811, 0.7119223793697118, 0.6845174797216252, 0.6614393445115593, 0.6601095891478074, 0.6443428537204637, 0.6262330952002175, 0.5867501655265913, 0.5734458806077439, 0.5496295375290827, 0.5395290028659543, 0.5281373987245799, 0.5208580103052322, 0.5140195601998861, 0.5063315206885937, 0.49619591827668136, 0.48698254700881155, 0.48150599661783955, 0.48520720941037987, 0.47001991623160827, 0.46874171847374596, 0.45177408678447784, 0.45588051786075284, 0.4498499613161662, 0.4432933683970466, 0.4411233268191467, 0.43511247627399674, 0.4303332318612679], "train_metric": [], "val_metric": [8.873883928571429, 8.873883928571429, 8.873883928571429, 8.873883928571429, 8.873883928571429, 8.873883928571429, 8.790401785714286, 8.7015625, 8.8296875, 8.873883928571429, 8.820982142857142, 8.784821428571428, 8.706919642857143, 8.602678571428571, 8.4828125, 8.843973214285715, 4.564508928571429, 2.3185267857142855, 1.8705357142857142, 1.6629464285714286, 1.5881696428571428, 1.4763392857142856, 1.4707589285714286, 1.3803571428571428, 1.4, 1.3765625, 1.3026785714285714, 1.3194196428571427, 1.2658482142857144, 1.1823660714285715, 1.1823660714285715, 1.1803571428571429, 1.1129464285714286, 1.1078125, 1.1142857142857143, 1.1872767857142856, 1.1058035714285714, 1.090625, 1.0555803571428573, 1.0825892857142858, 1.0247767857142858, 1.0558035714285714, 1.0883928571428572, 1.0125, 1.0511160714285714, 1.0377232142857142, 0.9982142857142857, 1.0008928571428573, 0.9727678571428572, 0.9857142857142858]}