{"train_loss": [14.13313191380333, 4.056255184825341, 4.036161609630489, 4.035288638205984, 4.03506387777664, 4.035275507212884, 4.034770225160685, 4.0342178153033235, 4.0333046098450325, 4.034076585242497, 4.040848696052129, 4.033272712074932, 4.0335336546203, 4.034116656336952, 4.034404042977185, 4.034233033357554, 4.032181267762304, 4.034721242722554, 4.03162788745746, 4.0322093532313055, 4.031306626209662, 4.030404792958168, 4.031444532787381, 4.030120701047045, 4.030151705046994, 4.029597186563003, 4.028832009090251, 4.02881500349572, 4.028151617577327, 4.027520910579356], "train_metric": [], "val_metric": [8.873883928571429, 8.873883928571429, 8.873883928571429, 8.873883928571429, 8.873883928571429, 8.873883928571429, 8.873883928571429, 8.873883928571429, 8.873883928571429, 8.873883928571429, 8.873883928571429, 8.873883928571429, 8.873883928571429, 8.873883928571429, 8.873883928571429, 8.873883928571429, 8.873883928571429, 8.873883928571429, 8.873883928571429, 8.873883928571429, 8.873883928571429, 8.873883928571429, 8.873883928571429, 8.873883928571429, 8.873883928571429, 8.873883928571429, 8.873883928571429, 8.873883928571429, 8.873883928571429, 8.873883928571429]}