{"train_loss": [4.39641541452264, 4.026815973334576, 4.019985851330973, 4.013779594670588, 4.01222994339526, 4.005357357125786, 4.003166801366374, 4.0022927205167225, 4.0020609698702945, 4.001581888702048, 3.999189339690472, 3.9990742979337224, 3.999170327306393, 3.8833244709513295, 2.453081391265045, 0.5604073149549901, 0.3078543380389561, 0.24371150265162314, 0.21684867415071732, 0.20127661646011485, 0.1721929310254715, 0.16374557661875408, 0.15685229309502258, 0.1537118952665197, 0.14752390556711348, 0.14405090562138126, 0.1406656076392187, 0.13413724622422427, 0.13146053863942025, 0.12848458828488787, 0.1147215113736427, 0.110509454118247, 0.10832607267826945, 0.10602834206729678, 0.10394597047443815], "train_metric": [], "val_metric": [8.873883928571429, 8.873883928571429, 8.688839285714286, 8.7, 8.695089285714285, 8.580133928571428, 8.571651785714286, 8.688392857142857, 8.571651785714286, 8.568973214285714, 8.56205357142857, 8.686607142857143, 8.5625, 7.784375, 2.687723214285714, 0.6892857142857143, 0.5169642857142858, 0.48147321428571427, 0.46830357142857143, 0.4368303571428571, 0.38169642857142855, 0.37901785714285713, 0.37857142857142856, 0.3689732142857143, 0.3752232142857143, 0.36629464285714286, 0.36830357142857145, 0.3595982142857143, 0.35625, 0.36875, 0.35982142857142857, 0.353125, 0.35535714285714287, 0.35111607142857143, 0.3600446428571429]}