{"train_loss": [4.2997856583427545, 4.032895459002586, 4.026585100883215, 4.018714799952867, 4.015553895552554, 4.007831715459201, 3.989579157014588, 3.9837218025820937, 3.975652352649363, 3.970401200816859, 3.9682292291267434, 3.9669613886119133, 3.9637618406334116, 3.960872685489942, 3.9558933649829884, 3.9510315279265744, 3.9506937630811527, 3.959292424983116, 3.941993048442668, 3.930314448610622, 3.9223993345720682, 3.904300424321812, 3.8808530748789036, 3.863433401788299, 3.8485397465864017, 3.7206842156510858, 2.497053867009417, 1.6332903708045805, 1.2139731910660039, 0.9729362849015087, 0.883249207207905, 0.8255229120577999, 0.8011128737698847, 0.7515992993984989, 0.7325022691608074, 0.70083104688019, 0.6813863060582224, 0.6638331377326544, 0.6495370462761453, 0.6277450549991885, 0.6168543690413086, 0.5970735246661919, 0.5911472475708429, 0.5848442365476234, 0.5805467520676666, 0.5633881156468511, 0.5575593436632923, 0.5464118656201579, 0.5419100719929939, 0.5398825424250646], "train_metric": [], "val_metric": [8.873883928571429, 8.873883928571429, 8.873883928571429, 8.873883928571429, 8.695089285714285, 8.564732142857142, 8.595535714285715, 8.871205357142857, 8.871205357142857, 8.863392857142857, 8.721651785714286, 8.873883928571429, 8.873883928571429, 8.86674107142857, 8.690848214285714, 8.873883928571429, 8.862053571428572, 8.679017857142858, 8.873883928571429, 8.849776785714285, 8.678571428571429, 8.684151785714286, 8.568080357142858, 8.514285714285714, 8.4296875, 7.847991071428571, 3.8870535714285714, 2.5169642857142858, 1.7551339285714285, 1.6776785714285714, 1.4611607142857144, 1.4671875, 1.5008928571428573, 1.3375, 1.3671875, 1.3220982142857143, 1.2209821428571428, 1.2645089285714286, 1.2477678571428572, 1.2212053571428572, 1.1636160714285715, 1.1390625, 1.1002232142857142, 1.144419642857143, 1.1354910714285715, 1.1274553571428572, 1.0984375, 1.059375, 1.0602678571428572, 1.0560267857142858]}