{"train_loss": [26.065756457534867, 4.038466659622576, 4.036154152759955, 4.035452339517411, 4.034707172432137, 4.034035562869891, 4.032713051417365, 4.0335411785835, 4.032926779895572, 4.032385440328014, 4.032145873985099, 4.032056645532349, 4.032254870812498, 4.030968527098996, 4.031702192584474, 4.031948578417601, 4.030881972768199, 4.030881989541365, 4.03077054143551, 4.028929149685194, 4.028830439601112, 4.028883258302008, 4.0286599787036375, 4.027873137488437, 4.026789030238013, 4.026744900037296, 4.026165986180905, 4.025928310413456, 4.0252994197097856, 4.025852294423473, 4.024626691137726, 4.023737035205016, 4.023458401761462, 4.022166666673057, 4.021957783243764, 4.028653834932413, 4.0237610783409234, 4.0576884183452355, 4.027105283497566, 4.0254402400261196, 4.100396587621027, 4.026310458255174, 4.024366965845003, 4.049636754558314, 4.023394401349015, 4.023599067525049, 4.023639542373581, 4.02317007103158, 4.021288369768229, 4.020868065369189, 4.0208363832540845, 4.061010700973434, 4.026629721100007, 4.0730870357110875, 4.028259567279911, 4.025976118729941, 4.025430530758959, 4.026163580429614, 4.025351694480857, 4.02445763679006, 4.07363207016758, 4.025247978804699, 4.025213397327979, 4.024415739816637, 4.025412938103604, 4.023959732534897, 4.023050528674869, 4.022703597294027, 4.106987639288207, 4.036869969200249, 4.034962335423608, 4.02468281175623, 4.022697118059475, 4.02283376425355, 4.019454519952362], "train_metric": [], "val_metric": [8.873883928571429, 8.873883928571429, 8.873883928571429, 8.873883928571429, 8.873883928571429, 8.873883928571429, 8.873883928571429, 8.873883928571429, 8.873883928571429, 8.873883928571429, 8.873883928571429, 8.873883928571429, 8.873883928571429, 8.873883928571429, 8.873883928571429, 8.873883928571429, 8.873883928571429, 8.873883928571429, 8.873883928571429, 8.873883928571429, 8.873883928571429, 8.873883928571429, 8.873883928571429, 8.873883928571429, 8.873883928571429, 8.873883928571429, 8.873883928571429, 8.873883928571429, 8.873883928571429, 8.873883928571429, 8.873883928571429, 8.873883928571429, 8.873883928571429, 8.873883928571429, 8.873883928571429, 8.873883928571429, 8.873883928571429, 8.873883928571429, 8.873883928571429, 8.873883928571429, 8.873883928571429, 8.873883928571429, 8.873883928571429, 8.873883928571429, 8.873883928571429, 8.873883928571429, 8.873883928571429, 8.873883928571429, 8.873883928571429, 8.873883928571429, 8.873883928571429, 8.873883928571429, 8.873883928571429, 8.873883928571429, 8.873883928571429, 8.873883928571429, 8.873883928571429, 8.873883928571429, 8.873883928571429, 8.873883928571429, 8.873883928571429, 8.873883928571429, 8.873883928571429, 8.873883928571429, 8.873883928571429, 8.873883928571429, 8.873883928571429, 8.873883928571429, 8.873883928571429, 8.873883928571429, 8.873883928571429, 8.873883928571429, 8.873883928571429, 8.873883928571429, 8.873883928571429]}