{"train_loss": [4.680446181465034, 4.041988570486481, 4.035251722862972, 4.032498370462926, 4.029049159893439, 4.027559055754887, 4.026240160716838, 4.0231703897217415, 4.020996290235663, 3.9683613190099822, 2.62050152124472, 0.9031291168239248, 0.6847869696928628, 0.6149214391582575, 0.5418998962221433, 0.5001063434472636, 0.47787344987368463, 0.4558589142471103, 0.44358614248097245, 0.44035850214449007, 0.4378127159560146, 0.4203658489201536, 0.4207693057218988, 0.4100766277792466, 0.40237514517415107, 0.4193856546552337, 0.4118235952890099, 0.45908188299467817, 0.40323574650077965, 0.3956375359440569, 0.39385833385302194, 0.3854915748663883, 0.36931096324369533, 0.38022814945659444, 0.3694337589582007, 0.3590251499758893, 0.36667089737090636, 0.3933185587576286, 0.38254624073529364, 0.37747797429861135, 0.37904337029810525, 0.3822582183621038, 0.35376000752550874, 0.36974688990032256, 0.3907286608638476, 0.36408709517525667, 0.3776240945236767, 0.3632901169022723, 0.3761365858454201, 0.36865087752066666], "train_metric": [], "val_metric": [8.873883928571429, 8.873883928571429, 8.873883928571429, 8.873883928571429, 8.873883928571429, 8.873883928571429, 8.873883928571429, 8.873883928571429, 8.873883928571429, 8.656919642857142, 2.2642857142857142, 1.5171875, 1.1919642857142858, 1.1372767857142858, 1.0022321428571428, 1.0171875, 0.9799107142857143, 0.9589285714285715, 0.9363839285714286, 1.0908482142857143, 0.925, 0.8645089285714286, 0.9214285714285714, 0.9397321428571429, 0.8895089285714286, 0.8982142857142857, 0.8736607142857142, 0.8946428571428572, 0.8814732142857142, 0.8238839285714286, 0.9113839285714286, 0.8185267857142857, 0.8622767857142857, 0.8142857142857143, 0.8732142857142857, 0.7834821428571429, 0.8578125, 1.0220982142857142, 0.8256696428571428, 0.8799107142857143, 0.8595982142857143, 0.8571428571428571, 0.8207589285714286, 0.8828125, 0.8698660714285714, 0.8433035714285714, 0.8194196428571429, 0.8801339285714286, 0.8290178571428571, 0.859375]}